TxHash,From,To,Value
0x7bbd62c3784e56ed55f2dfe1d52685d2412ac3f86fbb3b130cdaff0b723f4a93,0xdd487c027448d3364355707d91eefadc2dae9f88,0x3e1b1fe45cb2040b97cdb3191d4933ad1ff0928d,0.5 Ether
0xbdc661846c450213cc2542a68b96c82f9cd611beb5d3e94765574dd260512670,0xb66a63e5ba7a888450af2ede7a47fd99777b647a,BinanceWallet,0.79841 Ether
0x937015270f59d404ed48c1b08533e6b5a609cc1ceb38587cad38c64dc2921078,0xad5268de391998acf4d8a60364f8f7237fb6a34f,BinanceWallet,0.70841989 Ether
0x59f693671087ef67c68d3f00255d3dee17539cc4c219e1120b63e18597142c7c,0x525d09f85d1d65c1a52fe7cdfbea2c863a44938f,BinanceWallet,0.65480251 Ether
0x1616f3586a0053108d06accc6820255c06ea6a7b6a2e07de449488ba9c85e2a9,0x34b7e7bc247b69b9d270973938b9c8c310385d2c,BinanceWallet,0.88850136 Ether
0xf2cae56cdd183d9379666ea36a60af2994a0b4f38986152450b9d33e9cad39ed,0x0a046123f55ddde374cc59eec165fc8f94669949,BinanceWallet,0.64958 Ether
0x801b7b54b850d6fdfb251bec980ee5e871c6333660f326905c438643077d2a25,0x06b79abe66e4c0ce96de226de64f5c0bc8659155,BinanceWallet,0.834 Ether
0xa139fdd873e26f85ba43ff721b05b4e7f5afa9418c118e64903977f22d43cef7,0xfd5b7bab582fdfdc763e4692ccce240f6456bffc,BinanceWallet,0.729377002613614 Ether
0xfef9113a4395080762b3b03419bfdc518a74e5726e61e64f21ec8a92e70c06e3,0x8cc60a4e75d47d682b18d08248a53eba2e691541,BinanceWallet,0.968737 Ether
0x34428ceb577dd51ae7c53bc95b5e24091a0ec0190fbf89bcb0b1a2376054d7bc,0x0ef2d1b5139f4f06c5e414b60df70bf8514bfe4a,BinanceWallet,0.502425848165821 Ether
